Category,Async,Return Type,Function Name,Parameters,Description
Configuration & Storage,sync,void,VRCXStorage.Load,none,Loads VRCX configuration from %APPDATA%\VRCX\VRCX.json into memory
Configuration & Storage,sync,void,VRCXStorage.Save,none,Saves dirty VRCX configuration from memory to %APPDATA%\VRCX\VRCX.json
Configuration & Storage,sync,void,VRCXStorage.Flush,none,Forces immediate save of configuration to disk
Configuration & Storage,sync,void,VRCXStorage.Clear,none,Clears all configuration data from memory and marks as dirty
Configuration & Storage,sync,bool,VRCXStorage.Remove,string key,Removes a specific key from configuration storage
Configuration & Storage,sync,string,VRCXStorage.Get,string key,Retrieves the value for a specific configuration key (returns empty string if not found)
Configuration & Storage,sync,void,VRCXStorage.Set,"string key, string value",Sets a configuration key-value pair and marks storage as dirty
Configuration & Storage,sync,string,VRCXStorage.GetAll,none,Returns all configuration data as JSON string
Configuration & Storage,sync,string,AppApi.CustomCss,none,Reads and returns contents of %APPDATA%\VRCX\custom.css file
Configuration & Storage,sync,string,AppApi.CustomScript,none,Reads and returns contents of %APPDATA%\VRCX\custom.js file (SECURITY: Executed as code)
Configuration & Storage,sync,string,AppApi.ReadConfigFile,none,Reads VRChat's config.json from LocalApplicationData\Low\VRChat\VRChat\
Configuration & Storage,sync,string,AppApi.ReadConfigFileSafe,none,Reads and validates VRChat's config.json with error handling
Configuration & Storage,sync,void,AppApi.WriteConfigFile,string json,Writes JSON string to VRChat's config.json (SECURITY: Can corrupt VRChat settings)
VRChat Configuration,sync,string,AppApi.GetVRChatAppDataLocation,none,Returns path to VRChat's AppData folder (LocalApplicationData\Low\VRChat\VRChat)
VRChat Configuration,sync,string,AppApi.GetVRChatPhotosLocation,none,Returns path to VRChat photos folder (reads from config.json picture_output_folder)
VRChat Configuration,sync,string,AppApi.GetUGCPhotoLocation,string path,Returns or creates UGC photo location path
VRChat Configuration,sync,string,AppApi.GetVRChatScreenshotsLocation,none,Returns path to VRChat Steam screenshots folder
VRChat Configuration,sync,string,AppApi.GetVRChatCacheLocation,none,Returns path to VRChat cache folder (reads from config.json cache_directory)
File System - Folder Operations,sync,bool,AppApi.OpenVrcxAppDataFolder,none,Opens Windows Explorer at %APPDATA%\VRCX\ folder
File System - Folder Operations,sync,bool,AppApi.OpenVrcAppDataFolder,none,Opens Windows Explorer at VRChat's AppData folder
File System - Folder Operations,sync,bool,AppApi.OpenVrcPhotosFolder,none,Opens Windows Explorer at VRChat photos folder
File System - Folder Operations,sync,bool,AppApi.OpenUGCPhotosFolder,string ugcPath,Opens Windows Explorer at UGC photos folder
File System - Folder Operations,sync,bool,AppApi.OpenVrcScreenshotsFolder,none,Opens Windows Explorer at VRChat Steam screenshots folder
File System - Folder Operations,sync,bool,AppApi.OpenCrashVrcCrashDumps,none,Opens Windows Explorer at VRChat crash dumps folder (%TEMP%\VRChat\VRChat\Crashes)
File System - Folder Operations,sync,void,AppApi.OpenShortcutFolder,none,Opens Windows Explorer at AutoAppLauncher shortcuts folder
File System - Folder Operations,sync,void,AppApi.OpenFolderAndSelectItem,"string path, bool isFolder",Opens Windows Explorer and selects a specific file or folder
File System - Folder Operations,async,string,AppApi.OpenFolderSelectorDialog,string defaultPath,Opens folder selection dialog and returns selected path
File System - Folder Operations,async,string,AppApi.OpenFileSelectorDialog,"string defaultPath, string defaultExt, string defaultFilter",Opens file selection dialog and returns selected file path
File System - Read Operations,sync,string,AppApi.GetFileBase64,string path,‚ö†Ô∏è SECURITY RISK: Reads ANY file on system and returns as base64 (no validation)
File System - Read Operations,sync,string,AppApi.ReadVrcRegJsonFile,string filepath,‚ö†Ô∏è SECURITY RISK: Reads ANY text file on system (intended for registry backups)
File System - Write Operations,sync,string,AppApi.AddScreenshotMetadata,"string path, string metadataString, string worldId, bool changeFilename",Adds metadata to VRChat PNG screenshot and optionally renames with worldId
File System - Write Operations,async,string,AppApi.SavePrintToFile,"string url, string ugcFolderPath, string monthFolder, string fileName",Downloads and saves print image from URL to Prints subfolder
File System - Write Operations,async,string,AppApi.SaveStickerToFile,"string url, string ugcFolderPath, string monthFolder, string fileName",Downloads and saves sticker image from URL to Stickers subfolder
File System - Write Operations,async,string,AppApi.SaveEmojiToFile,"string url, string ugcFolderPath, string monthFolder, string fileName",Downloads and saves emoji image from URL to Emoji subfolder
File System - Write Operations,async,bool,AppApi.CropPrintImage,string path,Crops a print image and preserves iTXt metadata chunks
File System - Write Operations,async,void,AppApi.CropAllPrints,string ugcFolderPath,Crops all print images in the specified UGC folder
Windows Registry,sync,object,AppApi.GetVRChatRegistryKey,string key,Gets a value from HKCU\SOFTWARE\VRChat\VRChat registry (with Unity hash)
Windows Registry,sync,string,AppApi.GetVRChatRegistryKeyString,string key,Gets a value from VRChat registry as string
Windows Registry,sync,bool,AppApi.SetVRChatRegistryKey,"string key, object value, int typeInt",Sets a value in VRChat registry (Binary=0 or DWord=4)
Windows Registry,sync,void,AppApi.SetVRChatRegistryKey,"string key, byte[] value",Sets a binary value in VRChat registry
Windows Registry,sync,Dictionary<string\,Dictionary<string\,object>>,AppApi.GetVRChatRegistry,none,Gets all VRChat registry keys and values as nested dictionary
Windows Registry,sync,void,AppApi.SetVRChatRegistry,string json,Restores VRChat registry from JSON backup
Windows Registry,sync,bool,AppApi.HasVRChatRegistryFolder,none,Checks if HKCU\SOFTWARE\VRChat\VRChat registry folder exists
Windows Registry,sync,void,AppApi.DeleteVRChatRegistryFolder,none,‚ö†Ô∏è WARNING: Deletes entire VRChat registry tree
Screenshot & Images,sync,string,AppApi.GetExtraScreenshotData,"string path, bool carouselCache",Returns metadata for screenshot including resolution and carousel navigation paths
Screenshot & Images,sync,string,AppApi.GetScreenshotMetadata,string path,Extracts and returns VRCX metadata from PNG screenshot
Screenshot & Images,sync,string,AppApi.FindScreenshotsBySearch,"string searchQuery, int searchType",Searches for screenshots matching query (0=world, returns JSON array of paths)
Screenshot & Images,sync,string,AppApi.GetLastScreenshot,none,Returns path to most recently created VRChat screenshot
Screenshot & Images,sync,bool,AppApi.DeleteScreenshotMetadata,string path,Removes VRCX metadata from a PNG screenshot file
Screenshot & Images,sync,void,AppApi.DeleteAllScreenshotMetadata,none,Removes VRCX metadata from all screenshots in photos folder
Screenshot & Images,sync,string,AppApi.ResizeImageToFitLimits,string base64data,Resizes base64 image to fit within size limits (2000x2000, 10MB) and returns base64
Screenshot & Images,async,string,AppApi.GetImage,"string url, string fileId, string version",Downloads and caches image from URL using ImageCache system
Screenshot & Images,sync,void,AppApi.PopulateImageHosts,string json,Populates list of trusted image hosts for ImageCache
VRChat Local Moderations,sync,Dictionary<string\,short>,AppApi.GetVRChatModerations,string currentUserId,Gets all show/hide user moderations for current user (004=hide, 005=show)
VRChat Local Moderations,sync,short,AppApi.GetVRChatUserModeration,"string currentUserId, string userId",Gets moderation status for specific user (0=none, 4=hideAvatar, 5=showAvatar)
VRChat Local Moderations,sync,bool,AppApi.SetVRChatUserModeration,"string currentUserId, string userId, int type",Sets moderation status for specific user (0=remove, 4=hide, 5=show)
Game/Process Control,sync,void,AppApi.CheckGameRunning,none,Updates JavaScript with VRChat and SteamVR running status
Game/Process Control,sync,bool,AppApi.IsGameRunning,none,Returns true if VRChat process is running
Game/Process Control,sync,bool,AppApi.IsSteamVRRunning,none,Returns true if vrserver process is running
Game/Process Control,sync,int,AppApi.QuitGame,none,Kills VRChat process if exactly one instance is running (returns count)
Game/Process Control,sync,bool,AppApi.StartGame,string arguments,Starts VRChat via Steam with arguments (tries steam.exe then launch.exe)
Game/Process Control,sync,bool,AppApi.StartGameFromPath,"string path, string arguments",‚ö†Ô∏è Starts game from path (PATCHED: only allows launch.exe for security)
Game/Process Control,async,bool,AppApi.TryOpenInstanceInVrc,string launchUrl,Sends VRChat protocol URL to running VRChat instance via IPC
Game/Process Control,sync,void,AppApi.SetAppLauncherSettings,"bool enabled, bool killOnExit, bool runProcessOnce",Configures AutoAppLauncher behavior for companion apps
Network & API,async,string,WebApi.ExecuteJson,string options,Executes HTTP request from JSON options and returns JSON response
Network & API,async,Tuple<int\,string>,WebApi.Execute,IDictionary<string\,object> options,Executes HTTP request with status code and response body
Network & API,sync,string,WebApi.GetCookies,none,Returns all stored cookies as JSON string
Network & API,sync,void,WebApi.SetCookies,string cookies,Loads cookies from JSON string into cookie container
Network & API,sync,void,WebApi.ClearCookies,none,Clears all cookies from cookie container
Network & API,sync,void,WebApi.SaveCookies,none,Saves cookies to disk (called automatically by timer)
Network & API,sync,void,WebApi.Init,none,Initializes WebApi with proxy settings and loads cookies
Network & API,sync,void,WebApi.Exit,none,Stops cookie save timer and cleans up
Database,sync,void,SQLite.Init,none,Opens SQLite database connection (VRCX.db in AppData or custom location)
Database,sync,void,SQLite.Exit,none,Closes and disposes SQLite database connection
Database,sync,string,SQLite.ExecuteJson,"string sql, IDictionary<string\,object> args",Executes SQL query and returns results as JSON with status
Database,sync,Tuple<string\,object[]>,SQLite.Execute,"string sql, IDictionary<string\,object> args",Executes SQL query and returns error message and result rows
Database,sync,int,SQLite.ExecuteNonQuery,"string sql, IDictionary<string\,object> args",Executes SQL non-query (INSERT/UPDATE/DELETE) and returns rows affected
VR Overlay Integration,sync,void,AppApi.ExecuteVrFeedFunction,"string function, string json",‚ö†Ô∏è SECURITY RISK: Executes arbitrary JavaScript in VR wrist overlay ($vr.{function})
VR Overlay Integration,sync,void,AppApi.ExecuteVrOverlayFunction,"string function, string json",‚ö†Ô∏è SECURITY RISK: Executes arbitrary JavaScript in VR HMD overlay ($vr.{function})
VR Overlay,sync,void,AppApi.SetVR,"bool active, bool hmdOverlay, bool wristOverlay, bool menuButton, int overlayHand",Enables/disables VR overlay with specified settings
VR Overlay,sync,void,AppApi.RefreshVR,none,Refreshes VR overlay instances
VR Overlay,sync,void,AppApi.RestartVR,none,Restarts VR overlay system
VR Notifications,sync,void,AppApi.XSNotification,"string title, string content, int timeout, double opacity, string image",Sends notification to XSOverlay via UDP (localhost:42069)
VR Notifications,sync,void,AppApi.OVRTNotification,"bool hudNotification, bool wristNotification, string title, string body, int timeout, double opacity, string image",Sends notification to OVRToolkit via WebSocket (ws://127.0.0.1:11450/api)
UI & Window,sync,void,AppApi.ShowDevTools,none,Opens browser DevTools window
UI & Window,sync,void,AppApi.SetZoom,double zoomLevel,Sets browser zoom level
UI & Window,async,double,AppApi.GetZoom,none,Gets current browser zoom level
UI & Window,sync,void,AppApi.FocusWindow,none,Brings VRCX window to foreground
UI & Window,sync,void,AppApi.FlashWindow,none,Flashes VRCX window in taskbar for attention
UI & Window,sync,void,AppApi.ChangeTheme,int value,Changes VRCX color theme (0=dark, 1=light, etc)
UI & Window,sync,string,AppApi.GetClipboard,none,Returns current clipboard text content
UI & Window,sync,void,AppApi.CopyImageToClipboard,string path,Copies image file to Windows clipboard
UI & Window,sync,void,AppApi.DesktopNotification,"string BoldText, string Text, string Image",Shows Windows desktop notification
Application,sync,void,AppApi.Init,none,Initializes AppApi (empty method - implemented per platform)
Application,sync,string,AppApi.GetVersion,none,Returns VRCX version string
Application,sync,string,AppApi.GetLaunchCommand,none,Gets and clears launch command argument
Application,sync,void,AppApi.RestartApplication,bool isUpgrade,Restarts VRCX application (isUpgrade indicates update install)
Application,sync,bool,AppApi.CheckForUpdateExe,none,Checks if VRCX-Update.exe exists for installing updates
Application,async,void,AppApi.DownloadUpdate,"string fileUrl, string hashString, int downloadSize",Downloads VRCX update from URL and validates hash
Application,sync,void,AppApi.CancelUpdate,none,Cancels ongoing update download
Application,sync,int,AppApi.CheckUpdateProgress,none,Returns update download progress percentage (0-100)
Application,sync,void,AppApi.SetStartup,bool enabled,Enables/disables VRCX startup with Windows
Application,sync,void,AppApi.SetUserAgent,none,Sets custom user agent for browser
Application,sync,void,AppApi.DoFunny,none,Easter egg function (implementation varies per platform)
Discord Rich Presence,sync,void,Discord.Init,none,Initializes Discord Rich Presence timer
Discord Rich Presence,sync,void,Discord.Exit,none,Stops Discord Rich Presence and disposes client
Discord Rich Presence,sync,bool,Discord.SetActive,bool active,Enables/disables Discord Rich Presence
Discord Rich Presence,sync,void,Discord.SetAssets,"string largeImageKey, string largeImageText, string smallImageKey, string smallImageText",Sets Discord Rich Presence image assets and hover text
AssetBundle Cache,sync,string,AssetBundleManager.GetAssetId,"string id, string variant",Generates AssetBundle cache ID from SHA256 hash (first 16 hex chars uppercase)
AssetBundle Cache,sync,string,AssetBundleManager.GetAssetVersion,"int version, int variantVersion",Converts version integers to 32-character hex string for cache path
AssetBundle Cache,sync,(int\,int),AssetBundleManager.ReverseHexToDecimal,string hexString,Converts 32-char hex string back to version and variantVersion integers
AssetBundle Cache,sync,string,AssetBundleManager.GetVRChatCacheLocation,none,Returns VRChat cache folder location
AssetBundle Cache,sync,string,AssetBundleManager.GetVRChatCacheFullLocation,"string id, int version, string variant, int variantVersion",Returns full path to specific AssetBundle in VRChat cache
AssetBundle Cache,sync,Tuple<long\,bool\,string>,AssetBundleManager.CheckVRChatCache,"string id, int version, string variant, int variantVersion",Checks if AssetBundle exists in cache (returns size, exists, path)
AssetBundle Cache,sync,void,AssetBundleManager.DeleteCache,"string id, int version, string variant, int variantVersion",Deletes specific AssetBundle from cache
AssetBundle Cache,sync,void,AssetBundleManager.DeleteAllCache,none,‚ö†Ô∏è WARNING: Deletes entire VRChat __data cache folder
AssetBundle Cache,sync,List<string>,AssetBundleManager.SweepCache,none,Removes invalid/orphaned cache files and returns list of deleted paths
LogWatcher,sync,void,LogWatcher.Init,none,Initializes VRChat log file watcher
LogWatcher,sync,void,LogWatcher.Exit,none,Stops log file watcher
LogWatcher,sync,void,LogWatcher.Reset,none,Resets log watcher state and re-initializes
LogWatcher,sync,void,LogWatcher.SetDateTill,string date,Sets log parsing end date filter
LogWatcher,sync,List<string>,LogWatcher.GetLogLines,none,Returns list of VRChat log line objects
LogWatcher,sync,string[][],LogWatcher.Get,none,Returns processed log data as 2D array (video errors, audio device, etc)
LogWatcher,sync,bool,AppApi.VrcClosedGracefully,none,Returns true if VRChat closed gracefully (detected from log)
IPC Operations,sync,void,AppApi.IPCAnnounceStart,none,Broadcasts VRCXLaunch message to IPC clients
IPC Operations,sync,void,AppApi.SendIpc,"string type, string data",Sends custom IPC message to connected clients
Utility,sync,int,AppApi.GetColourFromUserID,string userId,Generates deterministic color integer from userId MD5 hash
Utility,sync,Dictionary<string\,int>,AppApi.GetColourBulk,List<object> userIds,Generates color integers for list of user IDs (bulk operation)
Utility,sync,string,AppApi.CurrentCulture,none,Returns current system culture code (e.g. en-US)
Utility,sync,string,AppApi.CurrentLanguage,none,Returns installed UI culture name
Utility,sync,void,AppApi.OpenLink,string url,Opens http:// or https:// URL in default browser (UseShellExecute=true)
Utility,sync,string,AppApi.MD5File,string blob,‚ö†Ô∏è Calculates MD5 hash of file (deprecated - for legacy upload)
Utility,sync,string,AppApi.SignFile,string blob,‚ö†Ô∏è Signs file with HMAC-SHA256 (deprecated - for legacy upload)
Utility,sync,string,AppApi.FileLength,string blob,Returns file size in bytes
Plugin System - Module Management,sync,CustomModule,window.customjs.getModule,string idOrUrl,Gets a loaded module by ID or URL
Plugin System - Module Management,async,CustomModule,window.customjs.waitForModule,"string moduleId, number timeout",Waits for module to load with timeout (default 10s)
Plugin System - Module Management,async,object,window.customjs.loadModule,string moduleUrl,Loads a module from URL and returns success/message/module
Plugin System - Module Management,async,object,window.customjs.unloadModule,string idOrUrl,Unloads a module and returns success/message
Plugin System - Module Management,async,object,window.customjs.reloadModule,string idOrUrl,Reloads a module (unload + load) and returns success/message/module
Plugin System - Repository Management,sync,ModuleRepository,window.customjs.getRepo,string url,Gets repository by URL
Plugin System - Repository Management,async,object,window.customjs.addRepository,"string url, bool saveConfig",Adds and fetches repository returning success/message/repo
Plugin System - Repository Management,sync,bool,window.customjs.removeRepository,string url,Removes repository and returns success status
Plugin System - Config Management,sync,any,window.customjs.configManager.get,"string key, any defaultValue",Gets configuration value by key with optional default
Plugin System - Config Management,sync,bool,window.customjs.configManager.set,"string key, any value",Sets configuration value by key
Plugin System - Config Management,sync,bool,window.customjs.configManager.delete,string key,Deletes configuration key
Plugin System - Config Management,sync,bool,window.customjs.configManager.has,string key,Checks if configuration key exists
Plugin System - Config Management,sync,void,window.customjs.configManager.clear,string prefix,Clears all configuration keys (optionally filtered by prefix)
Plugin System - Config Management,sync,string[],window.customjs.configManager.keys,string prefix,Returns all configuration keys (optionally filtered by prefix)
Plugin System - Config Management,sync,any,window.customjs.configManager.getPluginConfig,string pluginId,Gets plugin-specific configuration object
Plugin System - Config Management,sync,void,window.customjs.configManager.setPluginConfig,PluginConfig config,Sets plugin configuration
Plugin System - Config Management,sync,string,window.customjs.configManager.export,none,Exports all configuration as JSON string
Plugin System - Config Management,sync,bool,window.customjs.configManager.import,string jsonString,Imports configuration from JSON string
Plugin System - Config Management,async,object,window.customjs.configManager.exportToVRChatConfig,none,Exports settings to VRChat config.json (returns success/settingsCount/filePath)
Plugin System - Config Management,async,object,window.customjs.configManager.importFromVRChatConfig,none,Imports settings from VRChat config.json (returns success/importCount)
Plugin System - Utils,sync,bool,window.customjs.utils.isEmpty,any value,Checks if value is null/undefined/empty string
Plugin System - Utils,sync,string,window.customjs.utils.decodeUnicode,string str,Decodes Unicode escape sequences (\u{1F504} ‚Üí üîÑ)
Plugin System - Utils,sync,string,window.customjs.utils.timeToText,number ms,Converts milliseconds to human-readable text (e.g. 1d 2h)
Plugin System - Utils,sync,number,window.customjs.utils.parseTimespan,string|number input,Parses timespan string to milliseconds (supports 1h 20m or 00:50.100)
Plugin System - Utils,sync,string,window.customjs.utils.formatTimespan,number ms,Formats milliseconds to timespan display
Plugin System - Utils,sync,string,window.customjs.utils.getTimestamp,Date now,Returns formatted timestamp string
Plugin System - Utils,sync,string,window.customjs.utils.formatDateTime,Date now,Formats date and time string
Plugin System - Utils,async,bool,window.customjs.utils.copyToClipboard,"string text, string description",Copies text to clipboard with fallback methods
Plugin System - Utils,async,Promise<any>,window.customjs.utils.saveBio,"string bio, any bioLinks",Saves VRChat user bio via API
Plugin System - Utils,async,Promise<any>,window.customjs.utils.getLocationObject,any loc,Parses location string/object and fetches world name
Plugin System - Utils,sync,string,window.customjs.utils.hexToRgba,"string hex, number alpha",Converts hex color to rgba format
Plugin System - Utils,sync,string,window.customjs.utils.darkenColor,"string hex, number percent",Darkens a hex color by percentage
Plugin System - Utils,async,object,window.customjs.utils.downloadFile,"string url, string filename, string mimeType","Downloads file from URL using multiple methods (fetch+blob, anchor, iframe, window.location)"
Plugin System - Utils,sync,object,window.customjs.utils.downloadDataAsFile,"string content, string filename, string mimeType",Downloads generated text/data content as file (JSON/CSV/text)
Plugin System - Utils,sync,object,window.customjs.utils.parseRepositoryUrl,string url,"Parses GitHub/GitLab URL and extracts: platform, owner, repo, branch, filepath, rawUrl, apiUrl, repoUrl, releaseUrl"
Plugin System - Logger,sync,void,this.logger.log,"string msg, ...args",Logs message to console with plugin context
Plugin System - Logger,sync,void,this.logger.info,"string msg, ...args",Alias for log()
Plugin System - Logger,sync,void,this.logger.warn,"string msg, ...args",Logs warning to console
Plugin System - Logger,sync,void,this.logger.error,"string msg, ...args",Logs error to console
Plugin System - Logger,sync,void,this.logger.showInfo,"string msg, ...args",Shows info notification in VRCX UI
Plugin System - Logger,sync,void,this.logger.showSuccess,"string msg, ...args",Shows success notification in VRCX UI
Plugin System - Logger,sync,void,this.logger.showWarning,"string msg, ...args",Shows warning notification in VRCX UI
Plugin System - Logger,sync,void,this.logger.showError,"string msg, ...args",Shows error notification in VRCX UI
Plugin System - Logger,sync,void,this.logger.notifyInfo,"string msg, ...args",Shows Element Plus info notification
Plugin System - Logger,sync,void,this.logger.notifySuccess,"string msg, ...args",Shows Element Plus success notification
Plugin System - Logger,sync,void,this.logger.notifyWarning,"string msg, ...args",Shows Element Plus warning notification
Plugin System - Logger,sync,void,this.logger.notifyError,"string msg, ...args",Shows Element Plus error notification
Plugin System - Logger,sync,void,this.logger.alert,"string msg, ...args",Shows browser alert dialog
Plugin System - Logger,sync,void,this.logger.addFeed,object entry,Adds entry to VRCX notification feed
Plugin System - Logger,sync,void,this.logger.addGameLog,object entry,Adds entry to VRCX game log
Plugin System - Logger,sync,void,this.logger.addFriendLog,object entry,Adds entry to VRCX friend log
Plugin System - Logger,sync,void,this.logger.addNotificationLog,object entry,Adds entry to VRCX notification log
Plugin System - Logger,async,void,this.logger.notifyDesktop,"string msg, string title, ...args",Shows Windows desktop notification via AppApi
Plugin System - Logger,async,void,this.logger.notifyVR,"string msg, string title, ...args",Shows VR overlay notification (XSOverlay/OVRToolkit)
Plugin System - Logger,async,void,this.logger.notifyAll,"string msg, ...args",Shows notifications on all channels (UI + Desktop + VR)
Plugin System - Module Methods,sync,void,this.emit,"string eventName, any data",Emits custom event that other plugins can subscribe to
Plugin System - Module Methods,sync,void,this.on,"string eventName, Function callback",Subscribes to custom events emitted by plugins (legacy method)
Plugin System - Module Methods,sync,Function,this.subscribe,"string eventType, Function callback",Subscribes to plugin events with auto-cleanup (returns unsubscribe function)
Plugin System - Module Methods,sync,void,this.registerPreHook,"string functionPath, Function callback",Intercepts function BEFORE execution (can modify args)
Plugin System - Module Methods,sync,void,this.registerPostHook,"string functionPath, Function callback",Intercepts function AFTER execution (can modify result)
Plugin System - Module Methods,sync,void,this.registerVoidHook,"string functionPath, Function callback",Intercepts void functions (no return value modification)
Plugin System - Module Methods,sync,void,this.registerReplaceHook,"string functionPath, Function callback",Completely replaces function implementation
Plugin System - Module Methods,async,bool,this.showConfirmDialog,"string title, string message, string confirmText, string cancelText",Shows confirmation dialog with fallback to native confirm()
Plugin System - Module Methods,async,void,this.showAlertDialog,"string title, string message, string confirmText",Shows alert dialog with fallback to native alert()
Plugin System - Module Methods,sync,SettingsStore,this.defineSettings,object definition,Defines plugin settings schema and returns SettingsStore
Plugin System - Module Methods,sync,object,this.defineSettingsCategories,object categories,Defines setting categories for organization
Plugin System - Module Methods,sync,any,this.get,"string key, any defaultValue",Gets value from plugin settings
Plugin System - Module Methods,sync,bool,this.set,"string key, any value",Sets value in plugin settings
Plugin System - Module Methods,sync,bool,this.deleteSetting,string key,Deletes key from plugin settings
Plugin System - Module Methods,sync,bool,this.hasSetting,string key,Checks if setting key exists
Plugin System - Module Methods,sync,string[],this.getAllSettingKeys,none,Returns all setting keys for plugin
Plugin System - Module Methods,sync,object,this.getAllSettings,none,Returns all settings as object
Plugin System - Module Methods,sync,void,this.clearAllSettings,none,Clears all settings for plugin
Plugin System - Module Methods,async,void,this.unload,none,Unloads plugin (stops and cleans up resources)
Plugin System - Module Methods,async,CustomModule,this.reload,none,Reloads plugin (unload + load from URL)
Plugin System - Module Methods,async,bool,this.enable,none,Enables plugin and starts if not already started
Plugin System - Module Methods,async,bool,this.disable,none,Disables plugin and stops it
Plugin System - Module Methods,async,bool,this.toggle,none,Toggles plugin enabled/disabled state
Plugin System - Module Methods,sync,number,this.registerTimer,number timerId,Registers timer for auto-cleanup on stop
Plugin System - Module Methods,sync,any,this.registerObserver,any observer,Registers observer for auto-cleanup on stop
Plugin System - Module Methods,sync,object,this.registerListener,"EventTarget element, string event, Function handler, object options",Registers event listener for auto-cleanup on stop
Plugin System - Module Methods,sync,Function,this.registerSubscription,Function unsubscribe,Registers subscription for auto-cleanup on stop
Plugin System - Module Methods,sync,string,this.getDisplayName,none,Returns plugin display name (with emoji)
Plugin System - Module Methods,sync,string,this.getDisplayDescription,none,Returns plugin description
Plugin System - Repository Methods,async,bool,repo.fetch,none,Fetches and parses repository data from URL
Plugin System - Repository Methods,sync,PluginRepoMetadata[],repo.getModules,none,Returns all modules in repository with repo reference
Plugin System - Repository Methods,sync,PluginRepoMetadata[],repo.getModulesByTag,string tag,Returns modules filtered by tag
Plugin System - Repository Methods,sync,PluginRepoMetadata,repo.getModule,string id,Gets specific module by ID
Plugin System - Repository Methods,sync,PluginRepoMetadata,repo.getModuleByUrl,string url,Gets specific module by URL
Plugin API - Context Menu,sync,object,contextMenuApi.addUserItem,"string itemId, object item",Adds custom context menu item to user dialogs (returns item object),contextMenuApi.addUserItem('my-item'\, {text: 'Click Me'\, callback: () => {}})
Plugin API - Context Menu,sync,object,contextMenuApi.addWorldItem,"string itemId, object item",Adds custom context menu item to world dialogs,contextMenuApi.addWorldItem('my-item'\, {text: 'Click Me'\, callback: () => {}})
Plugin API - Context Menu,sync,bool,contextMenuApi.removeUserItem,string itemId,Removes custom user context menu item by ID,contextMenuApi.removeUserItem('my-item')
Plugin API - Context Menu,sync,bool,contextMenuApi.removeWorldItem,string itemId,Removes custom world context menu item by ID,contextMenuApi.removeWorldItem('my-item')
Plugin API - Nav Menu,sync,object,navMenuApi.addMenuItem,"string itemId, object item",Adds custom navigation menu tab (returns item object),navMenuApi.addMenuItem('my-tab'\, {label: 'My Tab'\, component: myComponent})
Plugin API - Nav Menu,sync,bool,navMenuApi.removeMenuItem,string itemId,Removes custom navigation menu tab by ID,navMenuApi.removeMenuItem('my-tab')
Plugin API - Dialog,sync,object,dialogApi.registerDialog,"string dialogId, object options",Registers a custom dialog with VRCX (returns show/hide methods),dialogApi.registerDialog('my-dialog'\, {title: 'Title'\, component: myComponent})
Plugin API - Dialog,sync,bool,dialogApi.showDialog,string dialogId,Shows a registered custom dialog by ID,dialogApi.showDialog('my-dialog')
Plugin API - Dialog,sync,void,dialogApi.closeDialog,string dialogId,Closes an open custom dialog by ID,dialogApi.closeDialog('my-dialog')
Plugin API - Plugin Analyzer,async,void,pluginAnalyzer.analyzePlugin,string pluginUrl,Analyzes plugin code and shows detailed metadata dialog,await pluginAnalyzer.analyzePlugin('https://github.com/.../plugin.js')
Plugin API - Tag Manager,async,void,tagManager.loadTags,none,Manually loads tags from all configured sources,await tagManager.loadTags()
Plugin API - Tag Manager,async,void,tagManager.refreshTags,none,Alias for loadTags() - refreshes tags from sources,await tagManager.refreshTags()
Plugin API - Tag Manager,async,object,tagManager.findTaggedUsers,"bool print, bool copy","Returns {friends: [], blocked: [], interactOff: []} with tagged users",const tagged = await tagManager.findTaggedUsers(false\, false)
Plugin API - Tag Manager,sync,number,tagManager.getLoadedTagsCount,none,Returns total count of loaded tags,const count = tagManager.getLoadedTagsCount()
Plugin API - Yoinker Detector,async,object,yoinkerDetector.checkUser,string userId,"Checks if user is a yoinker, returns {isYoinker, confidence, count}",const result = await yoinkerDetector.checkUser('usr_xxx')
Plugin API - Yoinker Detector,sync,void,yoinkerDetector.clearCache,none,Clears processed user cache and resets statistics,yoinkerDetector.clearCache()
Plugin API - Auto Follow,sync,void,autoFollow.addAutoFollow,"object user, string location",Adds user to auto-follow list,autoFollow.addAutoFollow(user\, 'location')
Plugin API - Auto Follow,sync,void,autoFollow.removeAutoFollow,string userId,Removes user from auto-follow list,autoFollow.removeAutoFollow('usr_xxx')
Plugin API - Auto Follow,sync,object[],autoFollow.getAutoFollowUsersList,none,Returns array of users in auto-follow list,const users = autoFollow.getAutoFollowUsersList()
Plugin API - Auto Follow,async,void,autoFollow.checkUserLocation,"string userId, object data",Checks if user is in their location and requests invite,await autoFollow.checkUserLocation('usr_xxx'\, userData)
Plugin API - Auto Invite,sync,void,autoInvite.addAutoInvite,"string userId, string displayName",Adds user to auto-invite list,autoInvite.addAutoInvite('usr_xxx'\, 'Username')
Plugin API - Auto Invite,sync,void,autoInvite.removeAutoInvite,string userId,Removes user from auto-invite list,autoInvite.removeAutoInvite('usr_xxx')
Plugin API - Auto Invite,sync,object[],autoInvite.getAutoInviteUsersList,none,Returns array of {userId\, displayName} in auto-invite list,const users = autoInvite.getAutoInviteUsersList()
Plugin API - Update Checker,async,void,updateChecker.checkCoreUpdate,bool manual,Checks for core system updates,await updateChecker.checkCoreUpdate(true)
Plugin API - Update Checker,async,void,updateChecker.checkPluginUpdates,bool manual,Checks for plugin updates,await updateChecker.checkPluginUpdates(true)
Plugin API - Update Checker,sync,void,updateChecker.showRateLimitStatus,none,Displays GitHub API rate limit info,updateChecker.showRateLimitStatus()
Plugin API - Update Checker,async,void,updateChecker.downloadCoreUpdate,none,Downloads latest core system update with UI,await updateChecker.downloadCoreUpdate()
